-- 1. INSERT USERS
INSERT INTO medical.users (id, email, full_name, role, hashed_password, is_verified) VALUES ('f73030e5-ac56-4a41-be7e-ac16efcd410c', 'aarav@example.com', 'Aarav', 'doctor', '$2b$12$EixZaYVK1fsbw1ZfbX3OXePaWxn96p36WQoeG6Lruj3vjPGga31lW', true);
INSERT INTO medical.users (id, email, full_name, role, hashed_password, is_verified) VALUES ('4c6a4a5b-fd0e-48b5-b064-2076b09e8116', 'kavya@example.com', 'Kavya', 'doctor', '$2b$12$EixZaYVK1fsbw1ZfbX3OXePaWxn96p36WQoeG6Lruj3vjPGga31lW', true);
INSERT INTO medical.users (id, email, full_name, role, hashed_password, is_verified) VALUES ('3ba7ca62-ed46-4707-9e9f-8cb13d72cad1', 'rohan@example.com', 'Rohan', 'researcher', '$2b$12$EixZaYVK1fsbw1ZfbX3OXePaWxn96p36WQoeG6Lruj3vjPGga31lW', true);
INSERT INTO medical.users (id, email, full_name, role, hashed_password, is_verified) VALUES ('5870c25b-b2a6-4acf-9a42-cec397320513', 'meera@example.com', 'Meera', 'researcher', '$2b$12$EixZaYVK1fsbw1ZfbX3OXePaWxn96p36WQoeG6Lruj3vjPGga31lW', true);
INSERT INTO medical.users (id, email, full_name, role, hashed_password, is_verified) VALUES ('c884cc9b-f282-49cd-9893-c278902989ec', 'vivaan@example.com', 'Vivaan', 'patient', '$2b$12$EixZaYVK1fsbw1ZfbX3OXePaWxn96p36WQoeG6Lruj3vjPGga31lW', true);
INSERT INTO medical.users (id, email, full_name, role, hashed_password, is_verified) VALUES ('9baf8f32-3ff1-4eba-8bce-1ef7d7d4a775', 'ananya@example.com', 'Ananya', 'patient', '$2b$12$EixZaYVK1fsbw1ZfbX3OXePaWxn96p36WQoeG6Lruj3vjPGga31lW', true);
INSERT INTO medical.users (id, email, full_name, role, hashed_password, is_verified) VALUES ('1a8a45bb-fe83-460f-91b8-09fb6b6960e2', 'ishaan@example.com', 'Ishaan', 'patient', '$2b$12$EixZaYVK1fsbw1ZfbX3OXePaWxn96p36WQoeG6Lruj3vjPGga31lW', true);
INSERT INTO medical.users (id, email, full_name, role, hashed_password, is_verified) VALUES ('14d17e89-b5a6-4161-8507-d26457d49b18', 'sanya@example.com', 'Sanya', 'patient', '$2b$12$EixZaYVK1fsbw1ZfbX3OXePaWxn96p36WQoeG6Lruj3vjPGga31lW', true);
INSERT INTO medical.users (id, email, full_name, role, hashed_password, is_verified) VALUES ('6b4e83fe-555a-4051-826f-05a75fdd9511', 'dhruv@example.com', 'Dhruv', 'patient', '$2b$12$EixZaYVK1fsbw1ZfbX3OXePaWxn96p36WQoeG6Lruj3vjPGga31lW', true);
INSERT INTO medical.users (id, email, full_name, role, hashed_password, is_verified) VALUES ('0aba8705-43fc-4cfa-9c23-fe80566d711d', 'nisha@example.com', 'Nisha', 'patient', '$2b$12$EixZaYVK1fsbw1ZfbX3OXePaWxn96p36WQoeG6Lruj3vjPGga31lW', true);
INSERT INTO medical.users (id, email, full_name, role, hashed_password, is_verified) VALUES ('f7009594-fdf7-44e7-ac98-046400bc785f', 'arjun@example.com', 'Arjun', 'patient', '$2b$12$EixZaYVK1fsbw1ZfbX3OXePaWxn96p36WQoeG6Lruj3vjPGga31lW', true);
INSERT INTO medical.users (id, email, full_name, role, hashed_password, is_verified) VALUES ('84b3e48e-83ff-466d-b115-b8f5f0005ec5', 'pooja@example.com', 'Pooja', 'patient', '$2b$12$EixZaYVK1fsbw1ZfbX3OXePaWxn96p36WQoeG6Lruj3vjPGga31lW', true);
INSERT INTO medical.users (id, email, full_name, role, hashed_password, is_verified) VALUES ('3bf69a72-3336-4b64-aa3c-0eae24378600', 'krish@example.com', 'Krish', 'patient', '$2b$12$EixZaYVK1fsbw1ZfbX3OXePaWxn96p36WQoeG6Lruj3vjPGga31lW', true);
INSERT INTO medical.users (id, email, full_name, role, hashed_password, is_verified) VALUES ('e06284de-23c8-4cf8-ac66-8fee893746f0', 'tanya@example.com', 'Tanya', 'patient', '$2b$12$EixZaYVK1fsbw1ZfbX3OXePaWxn96p36WQoeG6Lruj3vjPGga31lW', true);
INSERT INTO medical.users (id, email, full_name, role, hashed_password, is_verified) VALUES ('6f401b4f-d105-46f0-aab7-c1fe80c3a0ab', 'laksh@example.com', 'Laksh', 'patient', '$2b$12$EixZaYVK1fsbw1ZfbX3OXePaWxn96p36WQoeG6Lruj3vjPGga31lW', true);
INSERT INTO medical.users (id, email, full_name, role, hashed_password, is_verified) VALUES ('c367339a-6b48-4739-a896-64fb2b157aea', 'riya@example.com', 'Riya', 'patient', '$2b$12$EixZaYVK1fsbw1ZfbX3OXePaWxn96p36WQoeG6Lruj3vjPGga31lW', true);
INSERT INTO medical.users (id, email, full_name, role, hashed_password, is_verified) VALUES ('3c333b54-5bc4-408d-ae37-e8cc666eb5f7', 'yash@example.com', 'Yash', 'patient', '$2b$12$EixZaYVK1fsbw1ZfbX3OXePaWxn96p36WQoeG6Lruj3vjPGga31lW', true);
INSERT INTO medical.users (id, email, full_name, role, hashed_password, is_verified) VALUES ('efeae029-3fd4-496a-92a5-a5872e6c010b', 'sneha@example.com', 'Sneha', 'patient', '$2b$12$EixZaYVK1fsbw1ZfbX3OXePaWxn96p36WQoeG6Lruj3vjPGga31lW', true);
INSERT INTO medical.users (id, email, full_name, role, hashed_password, is_verified) VALUES ('b4cafd79-d229-4574-82aa-69689b96904a', 'aditya@example.com', 'Aditya', 'patient', '$2b$12$EixZaYVK1fsbw1ZfbX3OXePaWxn96p36WQoeG6Lruj3vjPGga31lW', true);
INSERT INTO medical.users (id, email, full_name, role, hashed_password, is_verified) VALUES ('b0bc496a-b3ff-4dc4-b22b-ba3f46d43415', 'simran@example.com', 'Simran', 'patient', '$2b$12$EixZaYVK1fsbw1ZfbX3OXePaWxn96p36WQoeG6Lruj3vjPGga31lW', true);

-- 2. INSERT DOCTORS
INSERT INTO medical.doctors (id, user_id, specialty, years_of_experience, hospital_name) VALUES ('2f9ea3a5-bd55-4c66-a7ea-ee0126555c16', 'f73030e5-ac56-4a41-be7e-ac16efcd410c', 'Cardiology', 10, 'City Hospital');
INSERT INTO medical.doctors (id, user_id, specialty, years_of_experience, hospital_name) VALUES ('6346bfdd-affb-49ae-bdc2-20634baaa9d7', '4c6a4a5b-fd0e-48b5-b064-2076b09e8116', 'Neurology', 11, 'City Hospital');

-- 3. INSERT RESEARCHERS
INSERT INTO medical.researchers (id, user_id, institution, field_of_study) VALUES ('c46e7d62-3f37-4b93-88a1-51e6ac113e07', '3ba7ca62-ed46-4707-9e9f-8cb13d72cad1', 'Medical Research Inst', 'Epidemiology');
INSERT INTO medical.researchers (id, user_id, institution, field_of_study) VALUES ('8995585c-2774-43d8-9825-afc796f03259', '5870c25b-b2a6-4acf-9a42-cec397320513', 'Medical Research Inst', 'Epidemiology');

-- 4. INSERT HOSPITAL VISITS
INSERT INTO medical.hospital_visits (id, user_id, hospital_name, diagnosis, primary_doctor, admission_date, visit_type) VALUES ('7b088f48-6892-4141-9ba9-69b0e6829bb2', '14d17e89-b5a6-4161-8507-d26457d49b18', 'City Hospital', 'Viral Fever', 'Aarav', NOW() - INTERVAL '17 days', 'OPD');
INSERT INTO medical.hospital_visits (id, user_id, hospital_name, diagnosis, primary_doctor, admission_date, visit_type) VALUES ('645c5d74-16d5-4e1d-b4b9-d28acc0f3772', '9baf8f32-3ff1-4eba-8bce-1ef7d7d4a775', 'City Hospital', 'Viral Fever', 'Kavya', NOW() - INTERVAL '28 days', 'OPD');
INSERT INTO medical.hospital_visits (id, user_id, hospital_name, diagnosis, primary_doctor, admission_date, visit_type) VALUES ('88b0c6c5-18b5-4b7b-9f66-aecce4accbd0', 'e06284de-23c8-4cf8-ac66-8fee893746f0', 'City Hospital', 'Viral Fever', 'Aarav', NOW() - INTERVAL '25 days', 'OPD');
INSERT INTO medical.hospital_visits (id, user_id, hospital_name, diagnosis, primary_doctor, admission_date, visit_type) VALUES ('917d0ef3-079b-4147-b77b-fe8c4e37f032', 'efeae029-3fd4-496a-92a5-a5872e6c010b', 'City Hospital', 'Viral Fever', 'Aarav', NOW() - INTERVAL '9 days', 'OPD');
INSERT INTO medical.hospital_visits (id, user_id, hospital_name, diagnosis, primary_doctor, admission_date, visit_type) VALUES ('8661bf31-f12c-4e63-b53e-ff3af1f92e1b', 'b4cafd79-d229-4574-82aa-69689b96904a', 'City Hospital', 'Viral Fever', 'Kavya', NOW() - INTERVAL '1 days', 'OPD');
INSERT INTO medical.hospital_visits (id, user_id, hospital_name, diagnosis, primary_doctor, admission_date, visit_type) VALUES ('5a59d78f-a7b8-4dac-917a-6901ede915ae', 'c884cc9b-f282-49cd-9893-c278902989ec', 'City Hospital', 'Viral Fever', 'Aarav', NOW() - INTERVAL '28 days', 'OPD');
INSERT INTO medical.hospital_visits (id, user_id, hospital_name, diagnosis, primary_doctor, admission_date, visit_type) VALUES ('3546da4f-053c-41c9-b57a-1766e4665662', 'efeae029-3fd4-496a-92a5-a5872e6c010b', 'City Hospital', 'Viral Fever', 'Kavya', NOW() - INTERVAL '21 days', 'OPD');
INSERT INTO medical.hospital_visits (id, user_id, hospital_name, diagnosis, primary_doctor, admission_date, visit_type) VALUES ('51eb1d73-f283-4eb9-a188-49c52b24c5b4', 'c884cc9b-f282-49cd-9893-c278902989ec', 'City Hospital', 'Viral Fever', 'Aarav', NOW() - INTERVAL '17 days', 'OPD');
INSERT INTO medical.hospital_visits (id, user_id, hospital_name, diagnosis, primary_doctor, admission_date, visit_type) VALUES ('90e64366-b87b-47de-9a0f-ec9b4836fcc8', '1a8a45bb-fe83-460f-91b8-09fb6b6960e2', 'City Hospital', 'Viral Fever', 'Aarav', NOW() - INTERVAL '19 days', 'OPD');
INSERT INTO medical.hospital_visits (id, user_id, hospital_name, diagnosis, primary_doctor, admission_date, visit_type) VALUES ('6fce67dd-c75f-45b8-adc5-79db5a87389b', '84b3e48e-83ff-466d-b115-b8f5f0005ec5', 'City Hospital', 'Viral Fever', 'Aarav', NOW() - INTERVAL '17 days', 'OPD');

-- 5. INSERT APPOINTMENTS
INSERT INTO medical.appointments (id, user_id, doctor_name, specialty, appointment_date, status, hospital_clinic) VALUES ('d6a0dde4-4f73-4031-999f-6a8f9ad778eb', 'efeae029-3fd4-496a-92a5-a5872e6c010b', 'Aarav', 'General', NOW() + INTERVAL '7 days', 'Scheduled', 'City Hospital');
INSERT INTO medical.appointments (id, user_id, doctor_name, specialty, appointment_date, status, hospital_clinic) VALUES ('05776338-ec70-4093-814d-c19d48a73002', '1a8a45bb-fe83-460f-91b8-09fb6b6960e2', 'Kavya', 'General', NOW() + INTERVAL '6 days', 'Scheduled', 'City Hospital');
INSERT INTO medical.appointments (id, user_id, doctor_name, specialty, appointment_date, status, hospital_clinic) VALUES ('02055686-ec3a-43b5-9f77-a629e11e5f2a', '3bf69a72-3336-4b64-aa3c-0eae24378600', 'Kavya', 'General', NOW() + INTERVAL '6 days', 'Scheduled', 'City Hospital');
INSERT INTO medical.appointments (id, user_id, doctor_name, specialty, appointment_date, status, hospital_clinic) VALUES ('e3c0953c-455c-450d-aa8e-cfe3e91761ff', 'f7009594-fdf7-44e7-ac98-046400bc785f', 'Aarav', 'General', NOW() + INTERVAL '7 days', 'Scheduled', 'City Hospital');
INSERT INTO medical.appointments (id, user_id, doctor_name, specialty, appointment_date, status, hospital_clinic) VALUES ('5ecbbec1-7166-4980-8f0e-97e880841a42', '9baf8f32-3ff1-4eba-8bce-1ef7d7d4a775', 'Aarav', 'General', NOW() + INTERVAL '2 days', 'Scheduled', 'City Hospital');
INSERT INTO medical.appointments (id, user_id, doctor_name, specialty, appointment_date, status, hospital_clinic) VALUES ('6cacc97e-708d-4669-b236-56da53cc0505', 'b4cafd79-d229-4574-82aa-69689b96904a', 'Kavya', 'General', NOW() + INTERVAL '1 days', 'Scheduled', 'City Hospital');
INSERT INTO medical.appointments (id, user_id, doctor_name, specialty, appointment_date, status, hospital_clinic) VALUES ('1c28eea2-2f4a-438f-9aed-1143b405e92e', '14d17e89-b5a6-4161-8507-d26457d49b18', 'Kavya', 'General', NOW() + INTERVAL '5 days', 'Scheduled', 'City Hospital');
INSERT INTO medical.appointments (id, user_id, doctor_name, specialty, appointment_date, status, hospital_clinic) VALUES ('db2a6352-a28f-4634-b1ff-4898927ce0c4', '84b3e48e-83ff-466d-b115-b8f5f0005ec5', 'Aarav', 'General', NOW() + INTERVAL '6 days', 'Scheduled', 'City Hospital');
INSERT INTO medical.appointments (id, user_id, doctor_name, specialty, appointment_date, status, hospital_clinic) VALUES ('6fe15f87-34eb-4886-90c2-e805acd17b6f', '3c333b54-5bc4-408d-ae37-e8cc666eb5f7', 'Aarav', 'General', NOW() + INTERVAL '2 days', 'Scheduled', 'City Hospital');
INSERT INTO medical.appointments (id, user_id, doctor_name, specialty, appointment_date, status, hospital_clinic) VALUES ('165e6092-ce1b-41b8-8ce9-7e657039a8c4', 'b4cafd79-d229-4574-82aa-69689b96904a', 'Kavya', 'General', NOW() + INTERVAL '7 days', 'Scheduled', 'City Hospital');

-- 6. INSERT ALLERGIES
INSERT INTO medical.allergies (id, user_id, allergen_name, reaction_symptoms, severity, allergen_type, first_observed) VALUES ('05808b2c-050b-493c-b6de-a08f0dd4c2cc', 'b0bc496a-b3ff-4dc4-b22b-ba3f46d43415', 'Peanuts', 'Rashes', 'Moderate', 'Food', '2020-01-01');
INSERT INTO medical.allergies (id, user_id, allergen_name, reaction_symptoms, severity, allergen_type, first_observed) VALUES ('58e844d4-6bf5-4a85-8fd6-04eb90b49b6a', '1a8a45bb-fe83-460f-91b8-09fb6b6960e2', 'Peanuts', 'Rashes', 'Moderate', 'Food', '2020-01-01');
INSERT INTO medical.allergies (id, user_id, allergen_name, reaction_symptoms, severity, allergen_type, first_observed) VALUES ('8af3bab2-76ee-444a-82b4-c91d35a8241d', 'efeae029-3fd4-496a-92a5-a5872e6c010b', 'Peanuts', 'Rashes', 'Moderate', 'Food', '2020-01-01');
INSERT INTO medical.allergies (id, user_id, allergen_name, reaction_symptoms, severity, allergen_type, first_observed) VALUES ('4cce281c-37e6-4d8c-8c1f-73a0255c06f4', '1a8a45bb-fe83-460f-91b8-09fb6b6960e2', 'Pollen', 'Rashes', 'Moderate', 'Food', '2020-01-01');
INSERT INTO medical.allergies (id, user_id, allergen_name, reaction_symptoms, severity, allergen_type, first_observed) VALUES ('7b37ad3f-852b-4bf6-9e27-cd606048d905', 'e06284de-23c8-4cf8-ac66-8fee893746f0', 'Penicillin', 'Rashes', 'Moderate', 'Food', '2020-01-01');
INSERT INTO medical.allergies (id, user_id, allergen_name, reaction_symptoms, severity, allergen_type, first_observed) VALUES ('a8ce1bec-f31c-4a76-8899-c1f805d72ea2', 'c884cc9b-f282-49cd-9893-c278902989ec', 'Dust', 'Rashes', 'Moderate', 'Food', '2020-01-01');
INSERT INTO medical.allergies (id, user_id, allergen_name, reaction_symptoms, severity, allergen_type, first_observed) VALUES ('5ce792cd-33b3-4d07-8b2c-0dfb43e7a11e', '3c333b54-5bc4-408d-ae37-e8cc666eb5f7', 'Penicillin', 'Rashes', 'Moderate', 'Food', '2020-01-01');
INSERT INTO medical.allergies (id, user_id, allergen_name, reaction_symptoms, severity, allergen_type, first_observed) VALUES ('920961cf-b177-48bb-ad65-267f5fec69b3', '1a8a45bb-fe83-460f-91b8-09fb6b6960e2', 'Pollen', 'Rashes', 'Moderate', 'Food', '2020-01-01');
INSERT INTO medical.allergies (id, user_id, allergen_name, reaction_symptoms, severity, allergen_type, first_observed) VALUES ('5e97c734-2fa5-4849-b61a-1ec0af8cbe9d', '6b4e83fe-555a-4051-826f-05a75fdd9511', 'Peanuts', 'Rashes', 'Moderate', 'Food', '2020-01-01');
INSERT INTO medical.allergies (id, user_id, allergen_name, reaction_symptoms, severity, allergen_type, first_observed) VALUES ('adcf6f99-bd38-4c1f-85fc-d1b4023a5414', '1a8a45bb-fe83-460f-91b8-09fb6b6960e2', 'Dust', 'Rashes', 'Moderate', 'Food', '2020-01-01');

-- 7. INSERT PRESCRIPTIONS
INSERT INTO medical.prescriptions (id, user_id, visit_id, drug_name, dosage, frequency, start_date, refills_remaining, status, prescribing_doctor) VALUES ('857ebb14-e18b-499a-8fe4-0cb510f62776', '14d17e89-b5a6-4161-8507-d26457d49b18', '7b088f48-6892-4141-9ba9-69b0e6829bb2', 'Amoxicillin', '500mg', 'Twice Daily', NOW()::date, 2, 'Active', 'Dr. Aarav');
INSERT INTO medical.prescriptions (id, user_id, visit_id, drug_name, dosage, frequency, start_date, refills_remaining, status, prescribing_doctor) VALUES ('c116f822-62a0-4d50-8859-fe35be2b62bb', '9baf8f32-3ff1-4eba-8bce-1ef7d7d4a775', '645c5d74-16d5-4e1d-b4b9-d28acc0f3772', 'Amoxicillin', '500mg', 'Twice Daily', NOW()::date, 2, 'Active', 'Dr. Aarav');
INSERT INTO medical.prescriptions (id, user_id, visit_id, drug_name, dosage, frequency, start_date, refills_remaining, status, prescribing_doctor) VALUES ('0d0ddbbd-8163-4d87-b4f0-c7c8c55cebf2', 'e06284de-23c8-4cf8-ac66-8fee893746f0', '88b0c6c5-18b5-4b7b-9f66-aecce4accbd0', 'Paracetamol', '500mg', 'Twice Daily', NOW()::date, 2, 'Active', 'Dr. Aarav');
INSERT INTO medical.prescriptions (id, user_id, visit_id, drug_name, dosage, frequency, start_date, refills_remaining, status, prescribing_doctor) VALUES ('5f4e6249-42bd-490e-9b1f-df676a53b6e6', 'efeae029-3fd4-496a-92a5-a5872e6c010b', '917d0ef3-079b-4147-b77b-fe8c4e37f032', 'Paracetamol', '500mg', 'Twice Daily', NOW()::date, 2, 'Active', 'Dr. Aarav');
INSERT INTO medical.prescriptions (id, user_id, visit_id, drug_name, dosage, frequency, start_date, refills_remaining, status, prescribing_doctor) VALUES ('936fb20b-db2d-4da8-98ef-c3b23ffe68c4', 'b4cafd79-d229-4574-82aa-69689b96904a', '8661bf31-f12c-4e63-b53e-ff3af1f92e1b', 'Cetirizine', '500mg', 'Twice Daily', NOW()::date, 2, 'Active', 'Dr. Aarav');
INSERT INTO medical.prescriptions (id, user_id, visit_id, drug_name, dosage, frequency, start_date, refills_remaining, status, prescribing_doctor) VALUES ('143fdc17-ccd2-478c-80cc-3bb509616cdf', 'c884cc9b-f282-49cd-9893-c278902989ec', '5a59d78f-a7b8-4dac-917a-6901ede915ae', 'Amoxicillin', '500mg', 'Twice Daily', NOW()::date, 2, 'Active', 'Dr. Aarav');
INSERT INTO medical.prescriptions (id, user_id, visit_id, drug_name, dosage, frequency, start_date, refills_remaining, status, prescribing_doctor) VALUES ('6729c7db-81eb-48dd-b464-ac61d0dab27b', 'efeae029-3fd4-496a-92a5-a5872e6c010b', '3546da4f-053c-41c9-b57a-1766e4665662', 'Paracetamol', '500mg', 'Twice Daily', NOW()::date, 2, 'Active', 'Dr. Aarav');
INSERT INTO medical.prescriptions (id, user_id, visit_id, drug_name, dosage, frequency, start_date, refills_remaining, status, prescribing_doctor) VALUES ('e7c0c8c3-46f2-400e-882b-19b600280828', 'c884cc9b-f282-49cd-9893-c278902989ec', '51eb1d73-f283-4eb9-a188-49c52b24c5b4', 'Paracetamol', '500mg', 'Twice Daily', NOW()::date, 2, 'Active', 'Dr. Aarav');
INSERT INTO medical.prescriptions (id, user_id, visit_id, drug_name, dosage, frequency, start_date, refills_remaining, status, prescribing_doctor) VALUES ('07b76cb3-9c46-409b-8054-05bdae87c38d', '1a8a45bb-fe83-460f-91b8-09fb6b6960e2', '90e64366-b87b-47de-9a0f-ec9b4836fcc8', 'Paracetamol', '500mg', 'Twice Daily', NOW()::date, 2, 'Active', 'Dr. Aarav');
INSERT INTO medical.prescriptions (id, user_id, visit_id, drug_name, dosage, frequency, start_date, refills_remaining, status, prescribing_doctor) VALUES ('4282463d-bc7d-41c3-8a07-303397b4307a', '84b3e48e-83ff-466d-b115-b8f5f0005ec5', '6fce67dd-c75f-45b8-adc5-79db5a87389b', 'Amoxicillin', '500mg', 'Twice Daily', NOW()::date, 2, 'Active', 'Dr. Aarav');

-- 8. INSERT LAB RESULTS
INSERT INTO medical.lab_results (id, user_id, visit_id, test_name, test_category, result_value, status, test_date, ordering_doctor) VALUES ('beee019d-f20c-4f36-95c8-2616eb0ab101', '14d17e89-b5a6-4161-8507-d26457d49b18', '7b088f48-6892-4141-9ba9-69b0e6829bb2', 'Blood Test', 'Pathology', 'Normal', 'Completed', NOW(), 'Dr. Aarav');
INSERT INTO medical.lab_results (id, user_id, visit_id, test_name, test_category, result_value, status, test_date, ordering_doctor) VALUES ('a08b1b60-2f88-4380-b493-fe04c461f5a7', '9baf8f32-3ff1-4eba-8bce-1ef7d7d4a775', '645c5d74-16d5-4e1d-b4b9-d28acc0f3772', 'Blood Test', 'Pathology', 'Normal', 'Completed', NOW(), 'Dr. Aarav');
INSERT INTO medical.lab_results (id, user_id, visit_id, test_name, test_category, result_value, status, test_date, ordering_doctor) VALUES ('9e1ad5ef-85e7-45c8-99f4-a8366b9aa4e2', 'e06284de-23c8-4cf8-ac66-8fee893746f0', '88b0c6c5-18b5-4b7b-9f66-aecce4accbd0', 'MRI', 'Pathology', 'Normal', 'Completed', NOW(), 'Dr. Aarav');
INSERT INTO medical.lab_results (id, user_id, visit_id, test_name, test_category, result_value, status, test_date, ordering_doctor) VALUES ('f0a7958e-f17c-438e-992b-5d864cd72251', 'efeae029-3fd4-496a-92a5-a5872e6c010b', '917d0ef3-079b-4147-b77b-fe8c4e37f032', 'X-Ray', 'Pathology', 'Normal', 'Completed', NOW(), 'Dr. Aarav');
INSERT INTO medical.lab_results (id, user_id, visit_id, test_name, test_category, result_value, status, test_date, ordering_doctor) VALUES ('1d7cfae4-375e-43f3-95be-53cc393e06dc', 'b4cafd79-d229-4574-82aa-69689b96904a', '8661bf31-f12c-4e63-b53e-ff3af1f92e1b', 'X-Ray', 'Pathology', 'Normal', 'Completed', NOW(), 'Dr. Aarav');
INSERT INTO medical.lab_results (id, user_id, visit_id, test_name, test_category, result_value, status, test_date, ordering_doctor) VALUES ('70863fd6-1dc7-4e4d-b377-be7f57fa21e4', 'c884cc9b-f282-49cd-9893-c278902989ec', '5a59d78f-a7b8-4dac-917a-6901ede915ae', 'X-Ray', 'Pathology', 'Normal', 'Completed', NOW(), 'Dr. Aarav');
INSERT INTO medical.lab_results (id, user_id, visit_id, test_name, test_category, result_value, status, test_date, ordering_doctor) VALUES ('536c98ff-9548-4577-8432-d31cb658f83d', 'efeae029-3fd4-496a-92a5-a5872e6c010b', '3546da4f-053c-41c9-b57a-1766e4665662', 'MRI', 'Pathology', 'Normal', 'Completed', NOW(), 'Dr. Aarav');
INSERT INTO medical.lab_results (id, user_id, visit_id, test_name, test_category, result_value, status, test_date, ordering_doctor) VALUES ('715c8928-45fc-4a64-9eff-316d3b0b284c', 'c884cc9b-f282-49cd-9893-c278902989ec', '51eb1d73-f283-4eb9-a188-49c52b24c5b4', 'MRI', 'Pathology', 'Normal', 'Completed', NOW(), 'Dr. Aarav');
INSERT INTO medical.lab_results (id, user_id, visit_id, test_name, test_category, result_value, status, test_date, ordering_doctor) VALUES ('3e0e8917-ed09-41f6-8f88-f96a42269579', '1a8a45bb-fe83-460f-91b8-09fb6b6960e2', '90e64366-b87b-47de-9a0f-ec9b4836fcc8', 'X-Ray', 'Pathology', 'Normal', 'Completed', NOW(), 'Dr. Aarav');
INSERT INTO medical.lab_results (id, user_id, visit_id, test_name, test_category, result_value, status, test_date, ordering_doctor) VALUES ('28b55299-624b-4060-b26b-e48b85f2e080', '84b3e48e-83ff-466d-b115-b8f5f0005ec5', '6fce67dd-c75f-45b8-adc5-79db5a87389b', 'MRI', 'Pathology', 'Normal', 'Completed', NOW(), 'Dr. Aarav');